<?xml version="1.0" encoding="UTF-8"?>
<robot generated="20170505 09:53:22.501" generator="Robot 3.0.2 (Python 2.7.6 on linux2)">
<suite source="/home/spanidea/naveen/python/count_list.robot" id="s1" name="Count List">
<test id="s1-t1" name="TC01">
<kw name="Log To Console" library="BuiltIn">
<doc>Logs the given message to the console.</doc>
<arguments>
<arg>ping verification</arg>
</arguments>
<status status="PASS" endtime="20170505 09:53:22.534" starttime="20170505 09:53:22.533"></status>
</kw>
<kw name="Run" library="OperatingSystem">
<doc>Runs the given command in the system and returns the output.</doc>
<arguments>
<arg>${ping}</arg>
</arguments>
<assign>
<var>${resp}</var>
</assign>
<msg timestamp="20170505 09:53:22.535" level="INFO">Running command 'ping 192.168.122.1 -c 2 2&gt;&amp;1'.</msg>
<msg timestamp="20170505 09:53:23.535" level="INFO">${resp} = PING 192.168.122.1 (192.168.122.1) 56(84) bytes of data.
64 bytes from 192.168.122.1: icmp_seq=1 ttl=64 time=0.033 ms
64 bytes from 192.168.122.1: icmp_seq=2 ttl=64 time=0.027 ms

--- 192.168.122.1 pi...</msg>
<status status="PASS" endtime="20170505 09:53:23.535" starttime="20170505 09:53:22.534"></status>
</kw>
<kw name="Log To Console" library="BuiltIn">
<doc>Logs the given message to the console.</doc>
<arguments>
<arg>${resp}</arg>
</arguments>
<status status="PASS" endtime="20170505 09:53:23.536" starttime="20170505 09:53:23.536"></status>
</kw>
<kw name="Create List" library="BuiltIn">
<doc>Returns a list containing given items.</doc>
<assign>
<var>${list}</var>
</assign>
<msg timestamp="20170505 09:53:23.537" level="INFO">${list} = []</msg>
<status status="PASS" endtime="20170505 09:53:23.537" starttime="20170505 09:53:23.536"></status>
</kw>
<kw name="Append To List" library="Collections">
<doc>Adds ``values`` to the end of ``list``.</doc>
<arguments>
<arg>${list}</arg>
<arg>1 2 3 4 5 6</arg>
</arguments>
<status status="PASS" endtime="20170505 09:53:23.537" starttime="20170505 09:53:23.537"></status>
</kw>
<kw name="Log To Console" library="BuiltIn">
<doc>Logs the given message to the console.</doc>
<arguments>
<arg>${list}</arg>
</arguments>
<status status="PASS" endtime="20170505 09:53:23.538" starttime="20170505 09:53:23.537"></status>
</kw>
<kw name="Log To Console" library="BuiltIn">
<doc>Logs the given message to the console.</doc>
<arguments>
<arg>@{list}</arg>
</arguments>
<status status="PASS" endtime="20170505 09:53:23.538" starttime="20170505 09:53:23.538"></status>
</kw>
<kw name=":FOR ${i} IN RANGE">
<arguments>
<arg>1</arg>
<arg>5</arg>
</arguments>
<msg timestamp="20170505 09:53:23.541" level="FAIL">No keyword with name ':FOR ${i} IN RANGE' found.</msg>
<status status="FAIL" endtime="20170505 09:53:23.541" starttime="20170505 09:53:23.541"></status>
</kw>
<status status="FAIL" endtime="20170505 09:53:23.542" critical="yes" starttime="20170505 09:53:22.533">No keyword with name ':FOR ${i} IN RANGE' found.</status>
</test>
<status status="FAIL" endtime="20170505 09:53:23.542" starttime="20170505 09:53:22.502"></status>
</suite>
<statistics>
<total>
<stat fail="1" pass="0">Critical Tests</stat>
<stat fail="1" pass="0">All Tests</stat>
</total>
<tag>
</tag>
<suite>
<stat fail="1" id="s1" name="Count List" pass="0">Count List</stat>
</suite>
</statistics>
<errors>
</errors>
</robot>
